Tiempo,Temperatura (°C),Elevación (m),Velocidad (m/s),Corriente (A)
0,29.338429216972614,751.5149974790586,7.939725531192867,0.027493663700734472
1,20.23147816250766,925.3859825879729,12.725450915046164,0.8627196096933121
2,23.525379366142726,610.6742986198592,6.127115604748319,2.665682585898501
3,28.954196547437682,317.286481629371,19.204252128995986,0.9519781420902107
4,28.439232469223786,123.68179209137075,8.409209162455298,1.9230879350696206
5,20.75068098623428,305.6336812987116,19.493560321895405,1.0531812571254155
6,21.02365465590969,531.5915584713229,5.622203433578737,1.563751736357533
7,25.474093612407373,838.2044227854451,12.914308064187194,0.45544139583568344
8,28.958294345891044,666.1104585525411,15.460994789634704,2.804981157074595
9,24.153260993296755,348.6950158939193,16.04257172767634,0.4553526204623459
10,28.01090845490861,298.7584263145584,9.297459204865907,2.9743999484304275
11,22.43769991615981,657.474972286237,19.093080402371264,1.6116612678468456
12,27.19443605330988,222.19597596564645,14.279260884452782,0.6888399187982058
13,20.940875549689316,803.698185131648,15.10951172737037,3.5580279082079187
14,27.836410300094627,625.356279230659,9.937858064347289,0.16298319385983806
15,23.627866117978083,746.9529780085625,8.054886416142416,3.324311991162579
16,25.58624227185971,487.81850264817626,9.286024024841293,4.689680047045507
17,25.204566765373905,715.4101570802505,14.905924097912754,4.67518685565159
18,20.053719618647115,72.73161307885312,12.057645812636999,4.935100610693608
19,23.861114121172168,770.0548455682863,10.505822055334777,3.941771756808998
20,28.856808205735963,938.6461275298989,13.391473874406255,3.3956204856638457
21,29.810443872431332,373.45093789709216,11.1249595393603,1.569794157400171
22,29.284367420199672,501.116233096892,15.485094457788936,2.7621681319169804
23,24.79211700467016,440.2973915507324,6.971895868419097,0.7979299427113856
24,26.624841649598288,82.33741547003581,5.629205360506146,4.62265696357198
25,21.032454409967805,91.17560072692044,6.988705582176085,1.3805440354186476
26,23.37686466470994,951.5981474966889,18.380691415366364,2.8269193752162454
27,26.470226570140007,493.8016624779576,15.418480108940159,1.1881441180347636
28,26.8321423318399,655.4264895259479,7.343701814727849,3.0917538719764766
29,23.484817125926057,706.1078994441594,18.863154315309043,0.9796249976059457
30,25.36657414158563,844.8941454538066,13.21827241814755,0.7967817190300552
31,21.745606623603692,640.4868278788623,12.417516635134376,2.3475882533563928
32,22.49929271644415,800.1420306938676,14.732420295294446,3.5754984848138855
33,27.93333287075798,801.228262630191,19.388442631438238,1.8648485070714287
34,25.231335618266215,969.6586443311468,17.814463788075493,2.8195929573244642
35,25.083638612591137,14.460914271385406,8.039594306327068,1.6553718974589597
36,24.136993197713778,67.83804406524862,19.149307224271553,3.886797977605539
37,26.323060673813785,230.8801794117492,7.8735671444456745,4.282919877771531
38,28.473600576847772,648.1087441765562,16.13964581260392,0.33055674977980565
39,27.81185938689539,552.3540952575423,11.31996568744,2.7099676972725257
40,24.29545837592424,710.9697024798328,17.689191573000414,0.9162241027483387
41,20.167479825077766,391.1266226467055,6.567499728960633,0.4445063014024636
42,29.443628631293127,935.3897841292537,8.074447090942895,3.9773531024878697
43,21.346385110328132,541.7919415280633,15.574933926171152,2.119640126580296
44,27.249765195936853,369.34942271013404,19.227286695578535,1.0490743537657528
45,22.53804226508094,182.67816702851215,10.339191148600296,3.9504925420838033
46,27.604754806682855,702.4004245075562,6.6580650776444505,1.4232626175334229
47,20.020524594782046,60.57416136132166,16.827446763301456,4.564655367475175
48,24.37187521841117,418.1754770032454,6.713852263625847,3.68393683041321
49,29.7315891881117,119.09833368838996,8.405786686488607,3.0386276696235197
50,22.13023239833913,789.9868081316275,11.40398608686428,4.835358729262642
51,24.57507957953172,655.5447646424836,13.492879245504348,2.667004008472265
52,29.57681116947407,673.8928739792993,19.831327266454018,1.3000532268820786
53,20.089153654445067,691.3401376240848,10.703890218196845,2.1203806447228972
54,26.01788939595705,165.00618818242907,5.603564952142265,0.764731163630295
55,20.74937135945754,519.491884927057,16.42350987432244,0.88748550965977
56,25.277352095311457,19.16949845638849,11.85955652968232,4.1049636478488845
57,27.89925464711098,408.71820053901274,6.225046023563317,3.799899529051226
58,29.59143990002753,295.80447660658274,9.500782578219585,2.1309855247135894
59,26.408183848609113,858.4153614067068,17.304795398083876,4.26387049354061
60,22.47629891685316,943.0299938841738,11.25444334570679,2.6223608516323065
61,21.689559059960843,668.6312290881426,11.826206134852512,1.778017260495826
62,27.630452829588368,755.2490496033184,7.261145965184864,4.838948870403181
63,28.334619275223524,304.45591238738257,15.796851151309541,0.008822964232580999
64,21.75653262300542,496.67594786858274,5.0737026689933025,3.194572470204173
65,28.338796012664453,736.5898496117785,9.34122752576826,4.863374774422474
66,25.154782267872733,80.496352913216,17.794757682223267,2.029594580182639
67,28.718673957567262,69.5576671258239,18.340448545250684,0.6833640882281333
68,22.67355467335642,339.46085083464374,17.9631253156821,1.2104422701435225
69,26.754319692936953,121.11559530650906,9.109690981784574,4.537479479962376
70,29.329477727408275,795.1349593162031,6.606573633958545,2.359625783717923
71,26.596003809283832,41.94665817580212,7.106067339109474,3.4635053874722033
72,26.94130338650229,532.2774419896446,19.445163631071797,1.860218621785585
73,28.4786509684536,437.46732704851945,6.487232462950107,4.042039210205447
74,20.080872515581387,799.7617712621103,14.65262136238395,0.7936019094225266
75,28.73163263889655,759.774850752712,17.719441089369855,2.394436817510857
76,29.656009569822398,951.2736063842002,17.509847740359326,3.447690055929242
77,20.66820859017162,423.42089766521394,13.909162034106789,4.707235857460048
78,20.877171520911688,473.0488245999059,13.847977313284371,1.290574852721954
79,22.005793167728935,855.8330806531138,17.39970594780639,3.1670818693444343
80,26.14835134869514,273.4588769752843,17.14571739472739,3.604154856058395
81,29.622365900315145,374.1814810200923,7.776681232240996,1.9900258452537574
82,22.063227381023697,416.68755989894515,16.38732309744431,0.8531054259456722
83,20.677845570849207,972.5529960303518,9.33863982163753,2.6957087997749296
84,25.982513598401784,893.2870967476589,7.443327013773482,3.3553357515886058
85,24.007123210485197,732.7840345299537,17.489505751351246,3.388278192924682
86,23.104784162124542,375.60320619309584,12.1126210381482,4.143428834370927
87,21.80799124138165,962.8870737438509,14.879042410891147,2.1779369667348822
88,25.970545115271367,427.5729747183181,16.477466315213782,1.1895042041766897
89,24.237191552774075,172.63644807109102,6.633118727919355,1.446643634838406
90,24.796853792115282,534.5372345699157,19.27658258799257,3.487451319853292
91,21.94379130343444,623.5922309716315,5.981541155558095,4.725247584254124
92,26.031108229041497,422.1627676191505,5.279397626350722,3.276944860273963
93,29.43288654464711,70.0282769562357,16.89252919617115,2.141859753481895
94,29.778460670869087,95.23175951865215,14.213298389444235,2.7447683664472358
95,20.878195122049277,182.07527087731168,11.9027890338899,0.22465941830746627
96,27.05881741103201,56.710856750955884,9.120620190958046,2.0610089990942178
97,25.850317989959663,395.3002831380291,15.898605328441825,0.022138776208980304
98,21.22130434445221,556.7998470545928,8.083031104837977,0.7810173068892612
99,20.881502465621466,669.0864570846543,9.838200016071013,3.907425302839229
100,24.167046226698233,92.71000833566457,14.611542934905305,0.022891931121319375
101,25.05797078983168,600.719661168812,5.864521652043274,1.718611622582595
102,26.146309340422718,783.499399993123,9.935595817985824,4.786539520240717
103,28.400560491678583,119.84837384790936,13.942321609330472,2.614430563379649
104,27.896924856079224,406.70297329354486,5.706631875751103,0.20920896621798357
105,23.3158389951855,173.8066427791788,16.438564580934752,0.05089781985218367
106,28.069610910940256,303.94608727622887,8.337668115258134,2.509270297944263
107,25.8574534148854,365.4482133559285,19.974271034201188,2.9572011051547458
108,23.36054595284562,482.19219465095654,10.452097517768639,3.610279419322378
109,22.072870213524318,592.6569215508997,17.16969981924535,0.4488704218574524
110,24.346250577480724,954.4059512897522,12.66961798951639,0.3631441789079226
111,22.299442437013774,505.7493979447595,19.373758367996004,3.551503918686602
112,25.771713337560676,476.13444363414817,8.171828120026607,4.917274729923541
113,26.66856398666527,42.14050678023662,18.95690005892949,1.7084744914185563
114,22.400653090909906,317.6704661256321,8.143484233473458,1.5431719282677019
115,28.270037258267052,417.206620017349,5.771018424385267,3.7544368690563883
116,29.933795061058127,920.9409781585946,6.398379274676311,2.3841560829975283
117,24.37081757522005,607.456439985021,12.591141596795751,1.4039092310886425
118,22.120802075514774,532.1731375455098,14.255394119760576,4.762822647794085
119,21.662259385779883,431.2382440653266,10.983338482805735,4.789982424365526
120,29.666250355832645,265.0101442757398,7.417870866478654,0.3294475859263418
121,29.07539395062815,138.52514867597222,19.773312576111785,3.800695366716233
122,26.959995653228574,247.34235715847376,6.28434347581486,3.152604027316681
123,28.625368698756127,528.0366367695601,5.514901621148348,2.9339989043505104
124,22.88800873584059,459.4969056853668,14.295306236627583,2.201702346590676
125,29.588992763873673,948.4425610357158,8.995429112181466,1.8443657813967251
126,25.35799673530065,677.5956138801666,6.897841735251551,4.867958827222306
127,25.687396381881907,587.979586002501,17.40793815944835,4.2664824452928265
128,23.795121505705154,200.6232301165949,16.984989986734178,0.3060251379253637
129,28.744203865078727,806.8778060698825,17.221074161047476,3.2279761027943725
130,20.870433238725816,846.6013384956382,11.270934895318998,1.781966086306623
131,29.18142289656778,539.1670981582823,11.648216663283963,1.2758139794474683
132,29.46028539135561,49.497505899156025,13.475304994723677,1.8607886525710398
133,20.46163425744286,965.123525216875,5.523805162862935,4.669839113822023
134,29.35237547320463,308.6248931908008,5.122542759652555,2.4664662323955397
135,20.583812878807137,128.08960975191408,6.919115606228241,4.858266309917283
136,27.027278229506955,617.405257759647,5.124118589088973,4.582019807191222
137,20.052413021970157,939.8301954883991,18.286748131271622,0.1712287610046359
138,23.786548331382587,512.8854812041651,10.475344881246683,1.9941386996161818
139,20.526061065496034,925.7994210801081,17.30207372868191,1.7026612810262531
140,22.050855050950393,281.2752897081734,14.34162710235529,4.368898241047229
141,28.232197325040282,886.1879589803417,17.500860613984536,0.23032621107335172
142,24.661910521972032,654.4899510557152,9.615529375183607,1.0288193406170376
143,20.86694619956218,224.68209435908594,7.742405958483457,3.039333293215933
144,20.98249103047335,442.6074486858037,19.951792439041952,1.1360962144920643
145,26.986207950066152,121.25551891956098,19.55349962498456,1.6977943477685637
146,26.341967036945192,101.95333448484256,5.604175051598299,3.784077010695049
147,23.323535879280065,248.6588325465593,14.216883119381377,1.0331793513482683
148,24.422635567545605,272.6303302893966,15.0278602226427,2.536463137626133
149,25.222828725420094,796.2568140348211,19.37924817540089,1.2694399546126955
150,20.892205031514795,945.7495263174591,15.359422871768206,1.201713717123312
151,23.609379896148415,196.35855080154542,19.249919716929547,3.413602386937111
152,21.625670219894996,663.0089948553173,6.208161625524449,3.278139451507158
153,20.72385317376801,310.6913445940017,15.301935152644713,0.36261865054679265
154,21.793684800668323,422.78139612608913,10.998266351899609,1.4402905174363063
155,26.681549444086606,393.21942058960923,18.47831630628793,2.137494952805035
156,21.12512885216634,538.0806091809369,9.62984926840734,3.6647664192334215
157,22.125207252093986,493.4735269479675,5.431586866494939,1.323066008141332
158,20.910715517997737,165.2297352318821,10.473825004955291,0.009002902956752878
159,29.286195355033115,904.4195896560399,6.079622477414638,0.9800809434371355
160,28.522221055873395,9.706874010327326,10.670181258334607,2.2554478167899283
161,23.708639164192792,432.59879863247863,18.86572041887697,1.473694051295495
162,26.75243342255384,172.99899030987186,9.388208412283849,0.7983336821258041
163,25.80343454881416,371.52470528966387,7.171945034389891,1.6509647935382288
164,28.91218489306143,695.8274101886735,5.708167213605716,0.15511022358114412
165,21.34829691465503,674.2640932170798,6.122619392512971,4.095699623752113
166,25.730478271418036,820.00046563106,9.114183428611504,3.0785654845040837
167,27.86388220760964,275.3192611821754,16.113696043224554,4.236873993398477
168,21.29479983690353,177.0878404047913,6.5146297289942385,0.052423492099665236
169,26.98605689012176,663.3195985497043,6.152231858843365,4.202689047849933
170,20.85092657721204,128.09259566410125,11.77920238729752,3.116830903177124
171,29.167538565644946,627.8563549424358,7.873885583396648,0.793482383589792
172,25.74936529490851,509.1361928495003,19.908642190218032,2.368910111961598
173,27.00825249597827,851.9632190982563,10.611493377725704,2.7152030096238953
174,25.323928887079667,495.31644401522266,8.662592123710068,2.2820951380690158
175,20.72804439621249,221.18050172788196,15.928052840571882,4.869484340605201
176,25.47818904655876,636.1352659294023,10.049236562625229,1.6950974465919977
177,21.953108663293186,320.82006339159466,11.234518649765523,4.726094139444899
178,27.54365363196685,500.19897200809794,14.141982522876763,1.843970226783001
179,25.5538403066466,163.76846032620685,17.021882453894285,0.1928643207014169
180,23.4470772025604,416.24333300390657,8.802012931801842,0.5159589121408154
181,23.20043310623581,127.45761505193943,14.760118919638733,1.4605240174829555
182,22.419227203964386,651.4882711981923,9.855386399323457,3.9133743805984973
183,27.811061858754243,402.59334411504364,19.533084164252664,4.138601596678447
184,27.408409487038536,696.5979868724947,12.612991093134497,4.232357625320899
185,20.00610811323351,802.5959053874584,13.741191505553223,1.9753446981706864
186,21.54667718167606,436.7564532172945,15.930710835060122,0.6952427844670078
187,26.83284241415535,428.70425306268345,13.286604038935256,3.5019010866081834
188,23.081876613087573,64.02939756727145,6.4337450736361514,2.3621510083349277
189,28.154170954832995,843.9557503988246,8.406851155039039,3.336694514959784
190,21.750984879167767,294.8774793329144,13.14221651733499,1.204593833970411
191,27.37400056290896,967.8046992804332,13.944314477777233,3.6525640849741596
192,26.010622627898133,200.0832308275169,17.614097447953988,0.5351253994102473
193,25.289673769227985,732.7512294683,7.280318692172797,4.563253292521124
194,20.453460200217442,83.36095974575098,17.84012599502273,0.1871622174853349
195,27.545685912131383,327.9325105195876,12.953972963710292,2.3593280907284657
196,27.250548882605294,44.12152166392003,5.1063404905162635,2.1907300968828163
197,21.596376263506876,954.9455748557943,16.04432026410474,3.739545686119831
198,26.05233302472868,82.64824499026035,13.17684188328612,2.4557281870464145
199,29.547208186725133,723.9930830217955,12.52767987582443,2.6797221721982796
200,27.59068777489597,105.42144834376188,10.276873201459198,2.3083936034598587
201,27.732872571605014,990.4348580701297,16.832162097262362,3.220096366372739
202,28.219344636167058,990.7449042086129,9.110019541922524,0.8577510573659081
203,23.89236226749492,759.6655431504321,14.647624388648161,2.157682919085839
204,25.984124542146585,341.78469989034767,7.7783472224465875,2.1670538008611033
205,20.65616779800243,203.29680183510746,12.776609488097634,4.8753542435608646
206,29.07169963805749,469.422372393384,19.070598226653146,0.5881986165246544
207,28.428397484379175,175.74863990896182,12.614516724087295,4.540248702625057
208,27.60141605948533,31.732942732254244,6.397584297364167,1.3063533336025246
209,20.277085225757528,611.7979885382248,16.966223248852117,3.0562042920169255
210,22.657898760801377,430.6169092562897,8.403736789902512,0.4654718822202836
211,26.27541553923558,735.4877094810429,18.872817375673883,1.7199487270991147
212,23.571824600980158,761.6328296712447,10.310051901341566,4.5709711951590295
213,28.10707206629771,331.457125146411,14.209747847162376,2.0589287342733904
214,28.950466638367722,375.8048513545539,5.45517170523542,2.5960278343986327
215,24.558278369487567,928.2912434510989,6.414496462670888,4.530502033066904
216,28.04898206112195,468.153568840049,10.657498600894552,0.06713281911374325
217,25.502141695692522,599.6221768464782,10.672704616012318,1.8574577430745065
218,27.9281962324971,98.41855754683392,9.258466464945858,0.005550083535614259
219,23.373347377496756,667.8402654460834,14.47157961898017,0.8909943926555136
220,23.74710068014635,235.39746266757467,16.92400487768149,0.9173444794599533
221,28.096081269770494,597.6353304450128,7.222391545027565,1.7077589976635528
222,24.69641409068455,652.9997232362318,12.2987199563825,2.862603930722915
223,22.798657415708227,946.9192183233346,19.64322275828075,1.8059765067763727
224,26.526268404152997,547.9475669843692,16.747005891947587,0.06752224706582377
225,27.48878835205596,905.7927667511767,8.09731377971336,1.260968730411995
226,22.719087257500803,931.481508397367,6.293708237211321,1.0168661524098344
227,27.59925930520942,94.67222191674551,13.367715367508113,3.480229821762864
228,24.08928518282979,205.9366774248176,18.53910354936195,0.15791451325725736
229,21.776833864256915,933.0696638134243,19.34488749703368,4.916026407605231
230,27.821435198473758,750.0827964165428,16.50156940264959,3.401682741919714
231,25.562491664370654,453.98413329157074,18.266736757851785,0.7566943216366334
232,22.68004141538741,466.72141527970945,17.13746180852373,3.496552690773202
233,20.25980516540241,439.6531686183579,19.280779189102226,4.074228225730992
234,27.30980576235747,274.1741154212359,18.615984721080466,1.3771549291095702
235,26.960357719264813,783.8241383454398,12.425827559433646,0.5739511319544499
236,25.91064879752613,774.8020596394069,14.724335982365446,2.369068112672919
237,28.92480789825661,121.15919600672775,11.414866235137396,3.579008132196295
238,25.751708645241955,165.5998747226345,10.529561779768777,1.6109590167871857
239,21.474242577996044,723.2712513600447,14.305977877631605,1.2283073324739646
240,25.762247248450908,682.88583029589,5.035274311147645,4.458758931583316
241,27.14879524295968,758.3678752376853,8.205040651991222,1.9908437867112194
242,26.263400020136455,934.8102302687878,5.876924823332052,2.8468202270691227
243,22.918433413396635,352.9967564981303,5.215349013705146,1.5366730560061082
244,20.371103845687852,555.7794466643694,9.860517959599115,0.7554277309122015
245,21.883169708691995,297.1211523397932,16.813643697496293,3.8631470675386774
246,29.253690905083698,171.76483970284352,19.546646609034,4.917625613013318
247,26.977937067781408,866.9507057013686,11.324495258758743,0.4632372550768782
248,26.631582825371545,696.5965714268959,6.72008502603496,1.4967029606033955
249,25.76650170169038,394.7096058904274,19.552581526410442,4.549380067330508
250,25.324876947597815,893.7007521752196,16.92524081203599,0.33808581085464806
251,23.150473660580886,677.1072873472197,14.125226605982578,0.7421229802887674
252,24.471679247662234,636.1728070801829,7.200915826063347,4.611494065855815
253,24.827118547954058,792.9010008838203,12.432891086809754,2.559382308887774
254,29.142117226388287,520.8112231179051,15.056621825502942,1.6067641845003706
255,21.216878735678616,942.763061571612,18.622502461940144,2.3813220854049364
256,25.03596015468183,939.6246548498183,18.193091141374758,1.0172468676205333
257,28.40533925917338,218.5533683981058,5.444621908541435,1.7614557891738802
258,25.596501997547527,891.3711749200628,10.669648082614083,3.9253574760787595
259,29.510334563186973,532.0188395824458,8.791559193971628,2.33401630962488
260,29.6594686195305,298.81501879737147,7.160809796565684,3.2504827749703997
261,25.468197168659135,654.1103095502112,17.676046119879167,1.9564488826473352
262,28.543814241318856,237.14718542720203,7.127562610673028,0.05465524822201917
263,27.118223762926853,253.38278578610485,6.860181744866658,1.9173247447405455
264,26.59805770774069,416.2458662883357,13.381773230735332,4.232582179145407
265,26.779916667542253,9.73494477523107,19.384835278229254,4.317870459462355
266,27.73691978174653,793.9128917713965,7.923923793594335,2.856091480745429
267,27.25378307117235,137.1281152841146,13.206826722151876,3.712211598088912
268,20.462986141759067,833.212626187668,14.175173384729172,2.333397947868105
269,27.547255789128833,311.75637177128743,14.019532119049291,1.6875286193720762
270,24.956664472346915,425.28124801083425,13.152512841780053,3.744975433191035
271,21.60121717730057,279.51063209340055,17.210212574241453,1.5156320931437999
272,21.92083430816946,401.1672541111215,12.364838769675943,2.890958872651224
273,21.87784385389493,585.0657571456452,17.233681464092857,3.4484966032409887
274,21.222789621431357,97.76507654909972,16.708677070948454,2.1419430658355347
275,20.53242760474224,92.34142376497445,9.323577199067204,3.599951693096819
276,28.887806887476575,872.7344306344237,12.801787725608229,0.0028662499286780108
277,28.03705896817698,795.2800691445777,9.733623642584046,2.6076097740541284
278,27.911690377112492,709.5943639087945,8.701437446351969,0.8030660823253566
279,24.075479698146005,431.14352386813334,18.815196743988444,3.966981054396345
280,20.891964766760008,721.3453287039289,9.180319691023437,3.1176452756412374
281,27.783747707780382,946.8103412590693,7.5787741112742175,3.9720411384397614
282,24.982608703763706,504.1480220995688,18.86707284378832,3.093400224993876
283,24.774676519673406,957.4042372209939,11.698260123707385,2.4951574970637664
284,24.868376882017902,510.68571487455426,8.460056070401828,0.03159416513437985
285,20.5570979523829,819.1883187451842,16.999766805925198,3.440401639927363
286,29.915818693775428,126.15509842634242,15.076175372747759,0.6827298448415742
287,28.423050112789753,134.64121673146033,8.677710928278684,1.8641861224912648
288,23.886093326694315,968.3230905050593,6.502724912263807,2.033860608208869
289,24.46488979299312,350.760686084991,14.302936834731023,1.940773790570332
290,23.5545848802331,367.1884847664565,8.13689656788509,2.929652648149834
291,28.645966019127563,717.0147948636771,16.636984066152763,1.3520222339210548
292,26.55070347605139,79.30367390189741,18.9208884895436,2.6334435819840154
293,28.655025436556528,723.1426568798,19.797184977463832,3.5874092157999944
294,28.029670295746484,488.5659867120443,17.195430250246762,4.389575323221743
295,26.73331764137762,216.49373193797572,17.206293422902476,0.9001215388774653
296,28.774205199505282,902.4924994489809,17.804306075777916,0.7599811843175286
297,22.162690542175437,172.5316885062639,5.884345103919496,1.357072543819141
298,25.306410454594204,558.8314640071793,11.823733930993924,0.28194613175721583
299,28.757292200239373,876.3888593636289,17.031460377485,3.6100902180086973
300,25.741460949388028,674.8311060008109,5.582491073490234,0.6356588211854908
301,28.80664020575062,25.954172114166617,11.203123452775081,1.3383784278657491
302,28.52035041535555,494.5643436967945,8.573845526780906,4.011667758528189
303,27.281333608058702,426.4483029671624,7.451475925502141,1.8340085080312973
304,22.395760802953525,833.3259749019048,19.95210258042958,3.199720501163661
305,21.184024017837444,498.54343586765293,11.591561719062494,2.245284350601975
306,20.09220877125822,340.78008950108364,6.420231096603284,1.6464220939842966
307,27.324511787807282,402.9909476386222,6.744012564260393,0.05792988857646231
308,27.91691287591586,456.7027094182056,15.810097626576422,2.4049707141714505
309,22.503411271664376,713.3748618707322,19.61861119493161,1.9570616585640255
310,29.351134515736675,554.7611148771556,11.141750526303364,1.0525477020637886
311,20.521943598621913,975.9546982134974,11.567886511513434,0.992954210422794
312,20.236988679367773,84.61276420980069,14.53673862599106,3.4974365248054795
313,22.68005717474619,102.86196081530474,19.56932006796841,4.1561313348005715
314,24.183708788578706,108.40559379352166,14.231244132912765,4.911572038922004
315,26.12746212750361,618.5396504280644,14.977412205287576,2.340630282749668
316,23.165371192945862,108.20461129047997,6.339384400007724,4.545018889175955
317,20.968670372293612,111.46534832510736,8.455452152657168,1.5642088767445346
318,24.31416667885832,132.50404834420738,13.517227887335567,3.477571175971994
319,29.556588658950965,181.766244652118,13.349184164393419,0.6519876079811004
320,25.235887224639534,409.0696883287143,18.266955502252877,3.4338855297127173
321,21.770970889998473,499.2604670382492,9.727188024224393,2.375124959569832
322,23.408014804346163,982.8529464338384,14.42173595308273,4.481892632332102
323,28.519625787482575,211.31307010509937,5.757330706424508,0.05551386232204747
324,29.300545163446493,461.988815645757,8.374015639209746,3.9920176502688514
325,27.221741262334223,14.386328076339328,6.933139130688307,0.6009273581217828
326,28.55458499892486,91.91715107851638,12.554201153886172,1.655821773721996
327,28.16762734796164,414.86231377047875,15.63915095915996,2.5123995056796415
328,29.464458871799152,214.29330427124484,14.339676465285931,2.0711689047948583
329,24.28427530455452,669.3910111277929,6.872057999768588,4.681224588759339
330,27.787755467502897,42.067306606629494,12.59123525745748,2.5193833661673244
331,23.315677881506605,45.86128305953685,6.484442057533253,4.182039746770603
332,23.142143117266713,185.12252049238177,11.98858178710579,2.141390382291877
333,20.06770146013026,63.872057268185124,15.733877200317545,2.123612445128215
334,27.943560999434112,73.36262070647027,15.52037357394698,4.42817244054278
335,20.200183821738655,853.0604681236166,10.012526085763138,2.804494612472317
336,23.61886808157886,320.57932695247035,13.148585838204143,2.4447688956108933
337,26.127757240831592,579.1512131376066,18.67254366578132,1.0828832933797177
338,29.800009728385866,237.36541602689954,9.19700033671947,0.37349527220177314
339,22.006630482184292,138.77992468792598,15.712428797648792,2.6759215639273126
340,28.369597665808804,893.9241968512231,12.73156668209893,3.718746002654884
341,24.08360935665681,703.8749613111692,7.219760345163705,1.047735427011638
342,27.460497661256092,414.84294124487474,6.029974068409366,2.8779177675574767
343,23.196608557514466,390.1554134260985,9.76341984195893,4.133882203253903
344,22.714386761033523,271.79593847669105,15.886051192741462,4.5543676882710455
345,23.661000936759656,738.572526390633,16.72246400234352,4.493918298805661
346,24.021522937815092,432.36802970590793,6.726152776813819,3.881643191728771
347,25.95027574771551,383.51462368995914,9.32537515492537,4.601494878195946
348,24.844291081493637,846.3885025586335,16.01039083699208,2.846659375434904
349,25.90681530860832,382.1491498243681,18.58026500566553,1.0773133018603243
350,22.092264047440313,479.1412692527578,19.542676943716227,0.055281271851411184
351,20.9195221117366,21.118662098008055,8.034209484630917,2.0949628462224696
352,20.05414294384373,281.20076265044366,15.778672171524843,3.9020269576361652
353,24.928750467793897,497.40889298041446,16.576779140055596,3.972807703382178
354,23.383028494973683,764.6697760179893,19.232419265749773,4.227802170646494
355,28.80103026045591,632.714335677208,12.348864661769579,1.9534489213063084
356,23.71658659660571,494.5975843574355,19.234625667641964,2.5729898997822076
357,26.648659396758198,652.9988471790784,15.789957717491397,3.3499298478873625
358,20.38263708009204,480.72375712550416,10.989325681141539,0.9465125689670789
359,21.02315518643725,493.17632471564707,12.389355643342945,1.359417936096633
360,26.573044654124875,188.3284826071845,17.910953915046555,2.748443314571495
361,28.398988721019933,532.7768152201007,11.879959601915331,4.875005495727399
362,25.75282987531103,812.470863403277,16.85061564474381,2.408106545733914
363,22.94844871662626,563.024951558179,14.17827151087305,1.733890982785193
364,20.536625986167447,474.6424685202336,15.684502675295374,4.219358149845309
365,27.89968616465888,239.19169282525465,10.61813060381029,2.8288847821478678
366,24.305871047257995,91.18763865492396,12.353923565304706,1.3964931201857893
367,20.90923795654215,526.2151942125098,11.148743150424357,2.770935202632205
368,25.177975056942074,395.9382352076648,15.549878122621163,0.4120306885138192
369,25.54631562753446,845.1867246874754,11.631912853968146,0.804510140305118
370,22.437227861929642,770.7849347839272,13.200346683790134,3.3261992498943167
371,28.256848995831174,264.92725864860944,5.241142390850787,4.206886964328181
372,24.23050294164682,133.0294734037628,17.745635407295747,0.9149161822836249
373,20.693885521526788,383.4043318875453,10.162385867242445,4.229101527352522
374,29.743595914031175,798.2650827056266,18.011473086248056,2.402036521470086
375,24.50489028557867,633.4668851929448,11.64896249905387,0.2754812035385884
376,22.23577854065997,840.4784593366106,9.563865196731692,1.9565775289168412
377,20.671228178054328,851.5935726823768,16.281221110594103,1.2564187513089204
378,29.59660634149411,365.46880696097173,6.874488031092007,3.5685091975450884
379,23.667469531105052,283.23010297171567,6.259165701782154,2.2288073360672804
380,22.45293374454438,696.1058682784815,18.94721429321153,3.0031368946140273
381,26.347201781066374,281.7616772938285,8.0518520582443,1.5790860171824646
382,26.45389985296786,143.8870216553888,9.288500873753781,2.6827726338751696
383,26.98247384411699,214.59855912509306,9.181327487926353,0.2148309249711916
384,20.19449260041635,503.9855420495495,18.362794705789224,3.788010555584569
385,26.811474678577056,554.0701836986707,8.432925369235418,2.52822642682149
386,22.958794889199826,680.5702652288771,12.102589670697615,0.31405635919987684
387,28.660938934686477,748.687841220085,15.622123763164213,1.380012113513548
388,20.978595133279214,762.8646210186697,8.114152536449138,1.3447898590844458
389,26.159711737250827,456.8359163607362,18.991575622993384,0.1181993785249763
390,28.688439169053904,180.52588376345668,11.273683640947507,3.3456402253655355
391,26.64061089468367,459.3494181244833,14.873069660322317,3.677243909075823
392,21.479379756951353,566.7902920160831,6.649978476552371,2.987409703152858
393,26.76278182732343,146.25855254970642,18.192119839709406,2.179787449768929
394,28.846201381793946,945.984782098515,19.17664016238244,4.207266469443034
395,24.62100113201467,900.0857401880241,5.186504298346383,2.6293077037369628
396,23.14707845028773,514.5009406370858,12.067545482607446,2.4324055492719756
397,21.026544661107746,68.45126962368842,8.795646303555552,0.135263057001358
398,21.185216578514115,775.8864935709119,14.34466816068517,0.5432508537020297
399,24.05450750661819,228.07246380110968,8.567661294109685,3.3378563630482527
400,28.500213150624162,950.3171983141893,5.992834407541807,0.08353437762614324
401,23.462901830823085,495.1433424317213,14.512910483445177,3.9608121440863053
402,24.073040365821342,71.65216335487744,8.519978150769855,1.3429910434833308
403,20.963274754064606,935.7305950545103,16.082816643954878,2.540347968155972
404,22.655643549915318,471.0520033572873,9.589004897954496,0.04843344231728275
405,27.4499219868886,970.6571603094411,14.166898123449506,2.928694969831395
406,20.33153020069438,675.6402979681873,9.123712207277286,1.1956784774470592
407,21.849097155385458,891.7973570322052,14.576353669700152,4.5955078508180005
408,29.465362254823276,774.8023579732654,15.701949698621448,0.2864931079302041
409,23.61856636160772,114.02396268884351,13.076245440468242,2.4803460000043485
410,29.364305850153798,741.6149825242053,12.870671037056507,0.5446547380486594
411,23.449506656482928,650.7801294979355,17.31126656733113,2.5518810464596546
412,28.06909374572542,283.0988758915193,16.599568705134146,4.5158919420318435
413,27.47178229634717,736.5180730821916,10.340155944968473,4.497622617200216
414,23.102405532908126,721.5009216616844,14.193833699929094,4.394561571682716
415,28.244445498297964,124.62921670693039,11.829475954051457,3.0688621628858166
416,20.35702709735503,847.8131017574132,7.989167668626234,4.71433842478406
417,23.510092808587775,387.7012178864304,8.413656044504343,3.364061828264578
418,20.32613569293328,124.64253568597717,18.456809111970728,0.16885162352740402
419,28.272655018968344,277.7144884949837,8.439684237082183,2.601400944338334
420,23.928959805059833,770.8674414496523,13.647634123566718,1.3201108064225626
421,22.718132875038005,575.7384694975742,11.942276542186509,1.362838468130541
422,24.536909244587815,460.17151722155813,9.869567568405763,0.6395510782900082
423,21.432372763771873,52.35794437954988,19.242649052344426,1.3281266123929174
424,23.31312460371587,271.02869145285,14.214878679687951,1.377251554129344
425,24.59803269601645,844.6842510629228,5.040655174393419,1.6909610335718794
426,26.34214927841247,5.427067950742992,13.286388789311742,1.4368352590986855
427,23.63774375355343,60.48199277583477,14.613915064988564,2.9026628212868872
428,22.387045950500333,85.4576571756408,9.191845814215219,3.8752768500156853
429,20.364508873374525,84.85081997658772,11.855161619914552,1.3380886499975126
430,27.19042764491902,10.4895081619798,15.753849294214634,3.354815154071751
431,28.0946167805115,545.0114598451651,9.994427214535603,3.5281272184380845
432,21.948687005157556,31.936012330835762,16.711888353214597,4.73749092421232
433,26.397070579379736,938.7934993900692,10.586052813896305,2.0196644676096245
434,24.812248839828506,256.1676366282245,5.657029829147922,2.4707530878986868
435,28.084931808438107,865.3390717244658,18.881168060755606,1.1771037047551358
436,27.859724495891214,592.6834236458931,5.750226533386353,1.4850762193194504
437,28.37588917875739,765.7685999061317,7.64578332383499,1.6681478134762007
438,29.859277306417034,578.1405409089405,16.330488353865505,1.6822049776134955
439,29.096213464494703,470.8472877272951,10.096385588943383,4.2198610942179995
440,21.471621573345026,432.475339214208,11.038446335324615,1.7054421561333954
441,22.173404030536283,449.87021652098724,18.680371459719115,2.1567726419818696
442,25.8872489256502,201.16770584134136,6.6150887865482755,2.4353422602564523
443,26.546970757795897,281.4212821481711,16.120053750304198,3.7286692374899215
444,28.78533658829418,524.6192572120966,19.986134048294637,1.363438795661414
445,21.95052883008441,130.98738750924187,18.427019546982336,3.237349712503466
446,22.181760520494826,538.3642549922557,9.240545039325646,0.22059551257520515
447,23.30566037848257,890.704772128839,9.365927669784252,1.7111144856212417
448,28.52613214144882,556.6193975345274,7.179957245064025,4.65347705444596
449,28.573244960856112,400.9203462179106,13.109894134723687,3.43893791364718
450,21.76044883646901,150.01453934180876,8.233698685324773,3.9978215764994465
451,24.44773698370616,294.04568311796044,13.706487549955332,0.20330594031138183
452,25.648640704324094,129.637419562035,19.232122252897728,4.933229784364526
453,24.67447722577702,746.0063130298165,11.29204462669012,3.9367439524393424
454,27.5103046266229,588.357088742485,5.2507557144421435,3.5588818481201514
455,23.777366603370133,625.0723073071003,13.995759621965846,4.3825326536062965
456,22.392016063259312,757.2556688866596,15.164945811915693,3.3423137671363703
457,22.642088525239984,268.2327533414289,14.020408595062024,2.9392597839823162
458,23.365483344289625,792.8866612470265,10.588488066552763,3.742338173062405
459,28.854529567988692,966.5919144602427,14.278896788858088,1.3608577039706478
460,25.906888242700646,36.881198707863774,8.359733751053797,2.0631341040622884
461,24.267907914615506,3.200566461133869,19.524475215456093,3.475045214845971
462,22.401706713764547,392.15011620361275,18.978168250971407,1.7161619096510545
463,27.123536498625512,825.723394510168,10.00264476039586,4.875475988472965
464,21.803121905845767,272.75653583893467,13.354800953015838,2.1081404068941656
465,25.58541460494121,167.61466573335716,14.042675406300427,1.1246966942696357
466,24.030235491374995,983.9174804433574,17.1072032248904,4.230924977528435
467,21.704491455669938,250.10596914486095,10.926506031494652,4.7399948285257185
468,23.20104937307418,527.3558828358435,12.001614812176157,1.9127232040951565
469,27.75563184707847,724.5598381532328,6.331309570720132,2.997286181023928
470,29.337712771651603,812.9114741795082,13.957545952946077,4.725532521223291
471,29.281070124058964,666.267413260971,14.6092456983355,1.6479760413926348
472,22.741845548463196,9.0312786796507,8.359421404429352,0.14043925260960544
473,22.897799610933873,175.81662762177052,9.136170804622324,4.5131555787158835
474,25.53401803857804,415.26992661393183,6.968850577427943,2.395886043908517
475,21.412054003053242,432.0566816111654,6.09384257491967,0.20640872136338417
476,20.540944224605933,670.552340205274,14.611421913436153,2.7895677983410976
477,22.346386148796647,537.2291369840053,17.98367934624011,3.6632821478664592
478,26.564654463104354,427.02936323731143,12.667373959070677,0.4590232618185436
479,23.511417766995272,922.9877656009701,10.879420340002333,0.6973778104104378
480,27.08501731298994,140.34135599332075,5.946771432962556,4.81744993524534
481,27.308805383432134,823.7781962940119,8.295365108660917,0.8529045212063829
482,28.902412393787827,381.19136037579625,7.99482338546615,0.6656931181767545
483,24.889436406384256,433.9286796198629,15.302579046536046,0.3124304829908492
484,26.27798838501218,72.21367530386135,14.72170073957307,0.8064604596302805
485,27.462490474605723,589.8558342395299,5.622904759394077,1.8039681039699207
486,22.122265087696903,9.060839445326208,19.822602430763155,3.4252199260944645
487,25.241501984148307,704.6617751058623,14.60177853210304,0.5873919177061865
488,28.858646737471197,550.154786135033,15.862137285930764,0.8923402445339412
489,22.413719509384485,334.4489189184221,17.056357788987476,3.0929725230912397
490,22.36001412769537,258.16043635059293,17.78080374505213,0.8488050097558364
491,27.10296933342364,594.5847391242226,19.42071623883549,0.05936987259788251
492,29.54030665554358,512.5016429637425,5.127000766037611,3.1891890681611534
493,20.98776674480972,948.8029015924743,6.063731392165693,4.864326296445193
494,21.05548521836482,442.3397454364616,16.485994645879316,3.9246869407776686
495,25.52343309770754,649.5355900780365,9.489579693224524,0.8274448386487326
496,27.731024119348113,30.644328990347304,15.067833359432145,2.321755627944688
497,29.56868308171747,879.7528560099652,14.522533370247599,3.854138980452417
498,21.311249176076295,749.9195088646532,17.14640465621977,1.708146811048263
499,20.974687994869615,998.0048945929765,7.976251602604895,1.9423365718582248
500,20.425789755116533,249.80997134119087,8.794997077849029,4.376040983220621
501,27.819042747621538,434.62063344840993,6.212759131584502,4.806141520527513
502,22.728615993217584,988.2354194292462,5.619168229410198,4.7943592591477415
503,20.183694256383898,78.70516419191308,13.06188855549027,4.12175356558006
504,27.488112820081824,451.86029330155344,6.090809980558315,3.911145650709992
505,21.65233671887631,674.2944909303053,5.7163674601805345,2.906927077320281
506,25.32365023987164,290.93875311801696,8.951955721273091,1.2583203326772685
507,26.470330007015825,610.7437540894485,18.439172272328825,3.0426727335676014
508,24.371906316293888,515.2778687975384,9.322408471824804,1.3019266796833973
509,24.228660730156477,430.9542956075173,12.380393732146391,4.066070041539643
510,20.074982746167453,662.0435040795287,15.987726732667715,3.8010621122753356
511,22.48867253031178,289.6716978153767,17.570801171296118,1.6964207695348836
512,21.56797854756461,265.38004304820294,14.262125866118273,4.21976334823044
513,20.330087102639144,467.5553064265812,17.620469535936056,4.5649681424508355
514,29.990604304788206,381.15857789088705,18.200334181065408,1.3925556640456365
515,28.392240974011987,316.0833152784438,9.628038160396777,4.0074987979593475
516,26.4220902813382,601.8164618916545,11.266126112331776,4.246182254183451
517,21.058313912458576,70.0751044492075,9.75662499249443,1.64746145732876
518,23.983660905455512,833.5945055716329,6.354594980298828,1.9196092669322284
519,26.876997277597322,746.1296840687945,18.990097020095746,4.135638145155533
520,29.087502371014843,211.74975105003392,16.80497773441335,2.953152680174023
521,22.658457455895267,21.235857795022017,10.35432617945283,0.889021396809736
522,23.166895162479847,180.30951375240645,18.99409797921235,3.2594751781069475
523,21.783734189111975,721.663121187067,9.299249503948456,1.7341277377862863
524,28.372019147779994,330.92197350300336,18.90170091044998,3.120507524301905
525,26.0230353796503,473.54303230730943,18.540797383119404,2.783350634630934
526,29.74479717444337,250.91427101550101,6.6350159251484975,4.846246426418284
527,22.940907386210526,680.373128679934,12.54962378403593,2.2769828232804223
528,23.3143464329401,554.2111789384074,8.9170100745359,3.3082788383092616
529,27.153184677172682,309.005190116215,8.24205153098206,4.498121044480841
530,24.05134138268195,735.0370688013235,9.577147015923693,2.842921890786722
531,21.567243465028167,830.2201812493598,13.774306485303423,2.1610299582772847
532,25.010797242322443,789.49372092049,19.369793276727634,2.4500732782258066
533,23.909368179277006,495.95288368247293,9.872722694640823,4.86871395059043
534,23.28501329907656,528.4918727966691,19.71950668862158,1.273841082458952
535,20.51207661735614,168.18063194574185,18.159955809115512,1.861578859678164
536,25.48604297061207,928.5568424212338,15.850179638703041,0.743840870249648
537,23.24360308779427,842.5997403401875,11.754344071557869,0.41637854162742294
538,22.781392985471115,592.9792359191002,6.679773923645656,1.0245814855387858
539,27.39083056730967,178.93668325499414,11.589839544713755,4.93943818776108
540,20.821631333914535,869.6905155461003,10.535347948326528,2.1238320651124267
541,27.528277391340524,369.7029599908276,17.641194702061316,0.5551644968122704
542,26.601780742941635,971.5515106792748,16.31907301705343,3.6743581797072644
543,27.593366664506842,901.2338782291462,17.540857623130872,0.6403185930165517
544,22.88835076962971,258.9002476138662,10.846812255891827,3.2904316993424954
545,23.407638994886547,739.0359886626616,6.5793461747691175,2.728065710608849
546,29.518418570574028,737.2941264369715,10.245158538626931,1.1301033581834163
547,29.26652607563593,168.80093960845844,5.521651422659835,2.5569735588350193
548,20.419666080054668,837.7401310641178,6.401354635296764,4.150958824401237
549,26.063848597304002,897.3688270294431,11.491454928258612,3.9276143304966133
550,20.916071753563234,236.0789845929535,14.105247387563642,1.9509663151691614
551,28.200312739865854,641.2771333390301,19.72101769045706,3.4388895675645155
552,24.260803717992,534.8442958162478,16.032588955598325,2.057309433508638
553,25.691475160756205,832.1589007763296,10.930297089316726,0.32174427725134735
554,22.81387529930971,289.00458514853676,14.082064277929728,3.8361548038333684
555,26.995512081271222,796.8393356447878,15.672764500442627,1.1008708439392074
556,25.07573942339618,26.513694596061566,9.121626072882526,4.956057463487511
557,22.358508512530534,626.7093102099527,8.869429741576933,4.50984240972328
558,20.00318953814164,891.2791000515097,18.39598158005147,1.6767845508557055
559,24.14269282815217,423.34386578677805,16.4904450921013,4.081966868091401
560,24.86971764124783,714.98129265409,17.720289842111896,3.2364610733480492
561,21.08069837405799,346.84640234114005,11.86004627414135,0.6685776645525537
562,23.405915441833645,346.0956598963284,9.223325222096964,2.176776852736342
563,27.17211931910168,647.1182817342225,12.950759195224745,3.5910927327406172
564,21.95378038974776,46.256945875674084,12.747981510198514,1.7706149562517766
565,20.393529875196464,648.7150247310672,19.907630931500208,1.0600183098182703
566,24.694496468873446,27.902923276239775,17.549400148942674,2.674840602442568
567,21.97546230069369,366.2342117292128,14.25377269680545,1.9534429553876902
568,28.569658533643697,942.8999531343314,5.7523320790836365,0.6305231868211708
569,26.086023229779425,693.867815513306,8.788549736539336,2.6732117583521404
570,29.890329802723357,666.7777163516647,16.765197349675198,3.291306532623339
571,21.337013106388603,757.2239473296966,16.616820244092217,4.338893891102976
572,27.323786265216043,78.53477780321595,14.758765097211542,0.929816359769079
573,28.260638328102843,901.2210369779829,12.502361735021465,3.0931404586987012
574,26.888762498963516,388.57478089214715,18.520082716913123,0.8569673159442204
575,25.26885108141247,7.420900937055941,15.99028009832779,3.9336748015795253
576,23.62458396846103,882.7094704859772,10.72489229239809,0.22499210603765196
577,24.4132282928807,669.6578134475703,6.234500400283763,1.8728065250237913
578,24.613653663929888,81.04141664671305,17.60558028569843,1.0313699137480343
579,22.758600066633363,33.894454685265416,7.38555582906606,4.711474610297183
580,24.721196253021557,115.11210694920248,8.503605680429786,1.033633688795748
581,28.774282544086738,707.0086987427662,15.675320357991001,2.676212605639149
582,27.056354897840738,873.0586876223538,19.157224178855984,4.588781846171647
583,21.857115231269983,173.6920097654382,13.137498120483654,3.9497238694072534
584,28.058142061762304,774.758452864498,5.2763944617546334,4.745708717772922
585,29.111430888936106,126.98522037019532,19.470114774836176,2.453077988541267
586,24.98023869220996,375.1128084430338,14.360989922312706,0.9018302023504565
587,21.026676751086526,385.3603795888095,9.240999201240413,2.1249694927177964
588,24.660263507790013,195.1099259467951,15.704206018329598,1.9446594957680063
589,25.277538438399713,371.7474948857807,12.43694489185102,2.3534454190522154
590,27.323709922719843,353.30956448136766,7.051631881049925,3.3745655045842637
591,22.82065312660597,501.39091311365445,11.296894962935315,0.6575352070769025
592,22.771054968721398,852.260981738215,7.902170138799862,2.765033064004437
593,25.10256219204114,877.6406691712166,19.367077456450776,1.9599880202606845
594,26.870733234437242,835.1704206406582,6.72477930074132,2.6997663144704145
595,29.432281784408126,613.4299807278579,15.749764117209756,0.036542638827592455
596,25.73442105049913,962.453220970312,17.175485162112807,4.5536221561505865
597,23.611116373027926,940.7077588059357,16.700497414998225,2.119795802907917
598,27.712370714328998,45.93019198172998,15.829933863713102,0.8268961955569976
599,21.609373244843166,20.941975860570672,9.953963091554758,3.723914145256723
600,21.08145345914363,384.71039491133376,10.244001857703099,4.747743519468706
601,28.491894461829894,566.6772388557694,17.347866678489304,4.800960178542969
602,26.869197853824208,699.4284820363603,6.030179004075664,1.4304348600167982
603,23.133157578295343,844.3986105140032,10.262463020170925,0.9345844666509306
604,28.409615779076372,748.9213567469609,5.900929930506407,0.4202390626828417
605,20.96549316088497,919.7242471178193,5.219584940618553,1.0757219704446035
606,27.79960483910596,683.0851579752273,9.814750594434926,3.7827179224123784
607,24.917080153531163,576.9422402352623,13.865777470951791,0.0058937979091400194
608,26.67607026676982,639.9502414451781,14.770821210511382,3.803142157755654
609,20.783148981405876,795.3502887551122,11.157869309149701,1.8313967659728203
610,27.18013043037142,182.76969085515216,14.975516348459221,1.345521655171094
611,27.552825319642245,480.63693715603773,6.024805829037825,2.401501153070822
612,25.545814945201215,174.50637494473597,16.20969353469568,4.3632764729829905
613,27.89372686517911,940.8713060442374,8.743175106553174,2.786702207072922
614,23.992626320336527,231.44314533122989,14.527217955695775,3.192049391272085
615,22.916469167553462,454.0982052778813,11.73545663105812,3.999399625582856
616,20.982531586108006,238.70868082461715,19.97552656418868,1.4837786666000548
617,26.862941407341268,906.7884149360058,18.289618773921422,3.954481092394924
618,22.259801672537485,254.10565824435182,16.80098815875125,2.038263769122387
619,23.818630551348917,629.564488371791,18.36575908484506,2.982427883202425
620,25.58083274189707,837.242806874007,19.545276713464272,2.890975822947835
621,24.199564382910843,306.1870543421189,11.81460553393062,2.7131913427025123
622,20.354089475808916,738.8415667700633,17.984833189323787,0.7401382394149331
623,21.20576405197146,678.4279678615067,12.77807823607203,1.1573727445259385
624,23.044339474790636,606.2047612136705,14.447958948880494,3.296495667527414
625,23.21065972533129,755.981408972486,13.092242325897873,0.36421419626587515
626,23.480003831804904,865.0524469775362,9.877284952480048,3.244120316791283
627,20.591569994006868,653.0708348669875,15.915784209640162,1.8990394802148147
628,24.638438903027186,115.30167658961432,6.359464759067713,4.114549770762395
629,26.625818263725744,186.93294395638472,9.468726724724078,4.238421236670294
630,27.02384537837368,617.2303765355575,19.738658658014238,1.561337348509939
631,24.523460186787602,875.3803503665625,18.365341893617916,2.762674779415975
632,25.96839541007288,861.891168293777,13.065494137447642,3.385352430939546
633,21.976236882859855,265.02796182757515,17.613823489839753,4.756278542984773
634,28.597724703676832,942.7895649761456,8.545102836320027,1.4070592038205665
635,25.919674588606888,484.00126513468757,5.925821847764483,1.8738246834253913
636,25.18664657764597,640.8026454433199,12.124199408966327,2.470795116902828
637,20.680691899939895,75.24292945661249,19.042916544385314,3.7129476124071292
638,26.581073086587217,914.4599204711042,19.95467419578698,4.59728887353257
639,21.062058897729063,921.240819306019,11.028898182915405,4.332516119965831
640,24.833968100466038,481.31192771248345,9.308348880953982,2.340082030639961
641,29.721977707545662,352.1687865749352,17.901106128393867,0.28265483953434534
642,29.570585859796108,325.36167106024436,13.596462840254734,1.2035572993825365
643,24.135857354366763,483.80830054768865,18.918419496924372,3.0115328218536837
644,28.461488565398597,117.05378653414178,15.591632172025317,4.14711506772877
645,24.839692723961,317.0255437713614,19.11090784681862,4.807686355570947
646,23.91509735949045,957.9046550867073,12.967716098831428,4.549516569544052
647,29.01491976112052,395.4920636277349,10.961278648653721,2.2919814969466716
648,24.040760301505593,693.9507137582101,8.834954848125118,2.289159271408712
649,20.339702687513558,741.1782908507059,9.693634831344237,1.417511233123523
650,27.103095998865342,88.136504154806,19.56356960995157,1.3392798782583726
651,24.564955250029076,168.13250972046467,13.953726698548431,1.6279647214449888
652,24.277462319499207,725.4782307538936,19.96124702688676,1.7881387482002487
653,25.435912785536665,729.3725830415088,17.63262022456217,2.9511180067213907
654,21.90051072700817,899.8387471205015,15.151695870558308,3.811467446169151
655,28.776356874376173,316.7274668619235,8.80102781620035,0.24815888120697738
656,27.51093237200083,450.3376840764991,10.874783985702468,3.413486358369624
657,23.203996487519944,930.6621713831315,8.60989821585443,1.777500047312286
658,27.279465802974652,656.9137132138536,14.59988731944872,2.5031364201793065
659,22.303659946135696,968.051289546145,14.81558800608384,1.1806023010981737
660,26.23987186871519,302.63807683343083,14.471628145620086,4.250789722751388
661,20.145461969638816,247.272561264674,14.551522871870487,1.2720204639544113
662,22.051551956787133,163.1083970426127,17.222292733912916,4.270998383335932
663,27.29897548197608,280.1896188518088,6.800399437759186,4.092053994006875
664,23.512231978261568,803.5167530425041,15.50604170617946,2.1309543993130937
665,26.300058250358994,766.8965366979337,9.556695035153778,1.439277610681885
666,29.21927799328317,984.085801433147,13.839663430497325,2.5215992915245984
667,20.346761724127077,716.9277035947538,11.616872406763994,3.9598516926791865
668,25.701414435312937,279.2027662051766,7.442716420617761,2.6123904109681466
669,29.552950889589006,459.3224097018734,13.814165868985778,3.609342086980654
670,25.719495025861,798.797793515521,9.709073001091788,3.495589984293737
671,21.485280010692065,100.63403866243092,13.025533042954747,1.0913564018383404
672,27.320329965320255,79.73468291693686,16.831945335714703,4.413912599598568
673,24.488730029170167,865.6623152372041,10.720584792842507,0.7127979041775645
674,21.856254227244765,805.0372054826576,6.634482601276093,1.945000805041801
675,21.081176032478044,419.223917423698,9.046471771954511,0.9468262083977785
676,24.762014905319646,659.3869787341736,6.167363346598264,1.8948926085064906
677,26.759974969352093,683.4733146785491,10.850622246426154,0.7869866825485777
678,23.1305986241523,557.1748001835148,13.718259535146421,3.0812285186424564
679,22.085792026446164,996.489411867542,9.678429724365948,3.2473451080303786
680,29.34271872093381,197.28166986271577,6.908390772621767,4.437804354101933
681,23.783849066783777,707.1943052956608,12.399477013796691,2.474717290981421
682,23.195634038998456,222.53231564399266,9.68056612768573,3.8137672499783823
683,25.8883152537282,577.1436890392679,18.05169081627607,1.688887820710328
684,20.40473603470649,170.60211641385337,10.374512651621425,1.8715630868928557
685,24.461688919289195,321.39816467820293,13.898372618457987,3.8745010775953186
686,22.00657661690992,458.3601092947052,10.000046888676696,3.650779246334273
687,23.944188246285112,579.4733039268157,17.066397231417923,2.000319308869381
688,26.666477935136754,492.0931486689949,14.032199109751629,3.60804675719287
689,21.490817364391418,194.2032384729957,19.396586682974373,0.768225298978884
690,26.611588283619337,557.7698082739689,15.295654218033814,0.058599635655260385
691,24.153355414527052,538.9180746742467,7.395593043553185,2.6525849178251235
692,28.70930085371382,878.5249289479251,6.879905872746168,1.6440642629371538
693,27.868995820688284,637.163961168328,11.046912004763774,1.6486129173087032
694,27.425267238037296,115.43394434870491,16.29286524913659,3.735561742156808
695,29.524374786433533,142.44088452983573,7.235188872812147,3.38015457978867
696,20.36053010548532,648.1339611127399,10.827245258685508,2.4924783983821266
697,23.073983475411598,505.3378192867127,18.96669753433826,2.236900476331175
698,20.053793950473054,181.25950083069654,17.81906629605952,4.382334326706449
699,28.317986497169336,89.72594957472812,17.121895496449042,3.207012347617169
700,27.658531466804163,88.49631780653522,9.816287155312285,1.5422342131432658
701,26.48201393786046,468.40257852524104,7.675602536592727,4.60820944402578
702,24.589097869703437,266.89195596497206,16.54246400059826,4.402280566103998
703,25.088171421739247,657.7969995448709,19.06977723725234,2.145907219976068
704,20.740232182788517,739.4744705932135,7.971144445858983,2.8752639682488503
705,20.475855506532408,479.8181012740088,9.832301211668202,0.5120077100923343
706,26.032026033657306,481.1605508396839,14.818943108077418,1.676869749307968
707,25.477224346237083,455.3165181940809,10.163317903758866,2.8548775366064625
708,21.307837472061152,798.7515246024254,12.6114764665155,2.6527872338269636
709,22.506421608926754,804.7084396713474,7.1090315578534895,4.806831114270461
710,20.379183074419707,945.2488017821847,14.51311931605311,1.8614263945747327
711,25.557013222568347,91.3165524594155,8.714583479949988,3.6026308749081384
712,26.511666417102298,733.9435765656697,17.24343138539561,2.0783901461083847
713,23.708422178476297,414.420278693323,12.004132346798743,4.660447957402123
714,29.16574204351911,313.461342865739,17.85643064610108,0.25409639536105866
715,22.511308687900268,891.4704343852777,11.414224103012154,0.09983999682731892
716,23.588037434865164,658.9740792651727,6.1404679563893865,0.3159434899635899
717,28.60689490514769,14.900138317921696,8.861880678584754,0.9163327188863041
718,25.51769961353437,412.93291718295046,10.756605411869417,4.301807514837572
719,27.543974355118635,865.8312477136628,17.061737275883047,1.17929128776452
720,28.76254600623271,522.0700937213696,11.15052817417303,0.25885026906603437
721,23.787140586804977,440.901158701811,5.637637473875551,1.022783519218693
722,29.057064915541268,516.9480172489478,18.308651009151745,3.7974540528925416
723,20.67200184930389,981.0298391382614,6.632213422976122,0.4271374636747438
724,20.513133419816597,760.0028383262194,19.86159978555569,1.6418773866537828
725,22.678111065402174,492.1521242397494,19.60211549002133,3.733549269527525
726,24.119237986145098,911.419360019961,7.989827191007851,3.2918963540035637
727,22.327334133820386,545.430988866424,13.880905251171965,0.32130946322344534
728,23.03406931511975,21.81737049957755,5.963346921969835,4.198579956484799
729,28.45242315080135,667.2074819909155,6.817417197619949,4.840309350973447
730,20.958254005710277,3.7360011239530033,5.939809977195097,0.9115628793196268
731,22.002807983830262,332.13313011047364,7.305998027666346,1.6887567143800304
732,24.87424669689506,698.1156402397006,11.589101499146361,4.687578480051158
733,21.8104621278728,993.9017308145678,19.172618311124587,2.8987463820049317
734,21.10693221440258,46.8825519767011,7.250123441483712,2.9308269764943895
735,23.11632937082741,578.0075230203325,6.065022939393596,1.077980338229232
736,20.22108133880431,637.6450692484327,15.755907651687275,2.812512574296668
737,29.046916952645024,920.7583503420491,18.423641988562146,3.398097973162489
738,21.018291129618742,834.6690457558183,12.526983906968441,2.976143351410796
739,25.532423378928577,18.871110562514893,11.848442085587507,2.9683511837613046
740,29.75216025187118,458.9979060752215,8.20964688468001,3.488151026789304
741,27.88402365966779,504.78755152940204,7.769767327746617,3.729948784438731
742,27.810992692933894,224.15586635835393,11.866323883569788,2.136230669674874
743,25.002370803937673,380.2390972443073,13.31189143614782,4.772958954392669
744,27.20004018210505,668.9257919869718,12.59314367074858,3.781186824240874
745,20.956529425185195,456.76573293812817,13.573054018033258,3.6601439383107843
746,28.368067811131386,435.81583310346616,13.217472127383877,1.5235606124351797
747,20.126216733077932,232.92396666487537,5.340690835880474,2.7871144690044685
748,20.640772057900904,120.02814124923312,12.278951472562104,3.5278563810296886
749,29.91856761675855,373.42126741631085,8.385442167499132,1.165118092715574
750,21.355123395221216,103.24080517285594,11.465712991247553,1.211547902775153
751,24.351109059518794,529.8695278219694,19.79720096090462,4.944358161048237
752,25.817325447601164,133.97713545682066,17.6040314001457,0.4425216614860211
753,26.96731874545464,558.1309861237585,17.493567507623425,4.3670210846659705
754,25.066375976908663,696.2856816627827,13.76466447943061,2.933611760127868
755,22.907456250545142,926.3808304144218,14.557397018090148,0.2588445852616078
756,24.695260257622174,730.5772513101111,12.846302828239438,1.435417063165143
757,24.78364942585923,984.508179927184,11.911376565283238,4.375837691365338
758,26.946599174620108,718.7156475205053,5.406146697016764,3.1810912228455357
759,27.542918318542217,152.78981911986,18.90370876157546,2.3628031561829514
760,27.235145040714254,32.73328820168042,13.253513769293802,4.083637427259444
761,25.001093621781493,930.2102451403117,9.252440006098464,2.77157851145435
762,26.960570753806067,555.8730622866007,15.939732997160222,3.658925096998768
763,27.152580042914636,550.8958898420897,19.54032793500918,2.6551297657021466
764,28.201767402188963,530.5256159193641,19.573828436655468,0.3898471035990042
765,27.206143506721627,11.542645862253398,6.990911161595819,1.3646061828670435
766,21.524136596769235,968.463192288812,10.866633853358046,0.7981505478896184
767,23.801114610185007,292.2211798251415,9.350051602790582,3.747782150299141
768,23.20657655051904,413.45062696513247,6.83490987567629,1.9571990107240622
769,29.866180812946922,368.94177945254415,14.142028131403507,0.4622287493642202
770,23.8557220362582,697.1389384976653,6.147369612771085,2.1663396374937953
771,23.031408931134493,303.16228194141394,8.304146687443446,2.542584659602199
772,21.776939288880822,166.17792832992296,19.055439546765385,2.496140200954602
773,25.94903589739668,696.8181280895085,6.363029523422894,3.2028204234272932
774,22.107161652106775,887.9279961431013,7.916500699651935,3.5451470182669995
775,24.209932869893102,275.0524293477451,7.07878263417615,4.128651816540926
776,23.786669671538835,634.5573646345024,11.395372980406911,3.6586556193291937
777,22.366912885283085,612.3078338068194,6.215099607564223,4.103831374940518
778,24.08028679392745,792.0260460841588,16.80468802078255,4.942357050005663
779,21.140490455292813,626.2173005950436,7.541719024310378,4.072087329230388
780,26.990902026652634,333.2909547294265,11.902669142337984,3.6939606376027365
781,22.609177805733587,736.4988976808767,16.467370010445034,3.075129786379306
782,27.865457932955422,433.9365672054152,16.06414733577591,1.7742326981409162
783,25.88809426804624,296.5228146860649,12.38016794835972,4.516282917697037
784,21.342616718751383,997.2489671660924,6.74601564684957,2.608382278839969
785,29.70163022246396,733.1133607590374,9.483772825585879,0.21876448392407377
786,21.927986611593806,318.86274317147326,15.936797536437119,4.188127253810865
787,21.028426493648187,889.46876859497,9.171364811021444,4.778377658615761
788,29.517961987436358,879.8731323849846,12.482721170606974,4.279265444508862
789,29.306696355508052,450.9325552647473,15.340279710602793,4.6801511052918965
790,21.386430347522662,816.7177897884333,19.836869317505645,3.988802714331201
791,23.164863982486747,206.24264218404454,9.471533345541225,4.78229855136169
792,27.66829911641723,232.53915435012328,5.555684412615532,0.6455490203331127
793,20.43031250504213,231.3266582735276,15.502910434679732,2.3173418910279664
794,24.75672495951418,466.82455979574644,10.704387826949755,0.57554183209928
795,28.856439022021455,716.385848801271,6.649494892961725,4.705059776354171
796,20.816258529998805,391.7101273580177,10.277509855138767,0.9963610819095081
797,29.701078706809586,90.92015562612332,7.351847265825043,2.4279348296578327
798,27.058627308581446,75.12271637875445,6.148835658240005,0.6353032261671987
799,22.56564154357837,782.725850059617,10.551961095823465,4.260104684468181
800,23.74150668244507,987.0262773111634,11.247227026891757,1.3082735765995062
801,28.342215544895836,159.43564529602727,5.04403830621318,1.4973322287140296
802,25.44517421316474,407.8490903347011,12.104399341792387,4.2122377730542535
803,27.01472922701256,609.9846745006143,19.032798127044988,1.0460368470129555
804,21.12220959359085,629.183447569339,8.319689170505443,1.0873637768554505
805,21.54056577325761,774.4389522019808,8.638961668833684,1.5080680673463276
806,27.44510391794031,376.0831038732069,18.970574865642106,3.221145274379949
807,29.915987821032868,428.5688803063319,19.868491095984492,0.17777220566230323
808,26.119495322273373,474.040046780712,17.311435812559225,3.448224873353637
809,28.846661011883533,183.60226884644393,19.053776564579923,1.5125001770257884
810,26.452334052989194,248.421799463858,19.961802191913755,0.24349235562987182
811,20.4554319840899,301.29465914988174,5.779906835185198,0.8946979751010198
812,22.609389408417606,930.0483518804914,10.89232088121905,2.7119338243290287
813,25.684770496309472,437.0162063290166,7.3803399177276585,0.4437052494604343
814,25.940915634119634,17.6526277636031,10.329411669622171,0.3817046186818057
815,26.849812133250815,596.8549582443695,11.87184210758127,3.229384660716147
816,21.232126974128835,221.10114553948824,8.681645784939658,4.050152738007866
817,21.0137075412058,528.1476235417427,13.102847845211326,3.8223238703989852
818,25.39921989575994,243.10643019016175,13.226089334688933,2.263588835321114
819,28.66806183859847,19.573898572573857,9.268691183179794,0.5770018913333724
820,22.258135077484084,70.97925890579259,5.2663230818293485,4.63046001046876
821,28.561061635391074,724.8749477790285,9.21077298288202,0.2935459889175407
822,21.775159935742167,846.1963401420464,6.083736973465729,4.664674719369609
823,28.159045335268072,650.4435333367506,12.226814077567873,2.9101726760149296
824,28.03906079584458,547.5548436132439,11.809240074936987,2.824888764461902
825,27.7875290728062,735.3444378534474,16.99658084314793,2.3526747719089585
826,24.024532049047853,930.3770733509399,15.383371481125671,3.8241831748316795
827,26.001421706990573,485.40826956623505,9.326048657421355,2.191225989831257
828,29.260277701685652,207.3166105742269,9.446833590232831,4.169706520466485
829,25.136646477193224,441.088559038289,13.51428417102725,2.9954924243430248
830,23.54280599471248,861.310048382159,9.914855174220214,0.09706561646128375
831,26.046250837716695,688.0997166730059,7.834430550396305,1.811023666725502
832,23.84050641619321,203.54932928296776,7.99522671893981,3.0434937788458383
833,20.18595351965041,412.94744092332405,16.736584117983934,0.909897410867217
834,20.591545958482058,925.8248831609224,9.331076220734818,1.8140604314687319
835,26.209375594567174,34.95422872578591,10.00373816291834,1.5694892565018899
836,27.684840873724994,593.4782236051325,9.176704860472878,2.7747328289308086
837,25.0301138987005,862.0483785936434,19.201950611534485,4.969792594858113
838,27.937446815725007,910.7215798049198,9.880754529662916,2.3008379303665154
839,23.969999483607396,394.0727127927157,14.509512668234052,2.318654652216537
840,24.97875945511593,49.561406694606404,18.138023666374202,1.415835125770375
841,29.544595257609874,18.31933863116064,13.653094644924732,3.655281267911417
842,28.3077670579709,920.9585211239261,6.2733700767170095,2.099493256789322
843,21.13588762661091,738.8523812451134,14.896212207978305,2.063995432978679
844,20.738100070017047,292.6623923874123,9.374067515514216,4.223687817659088
845,29.877260861519606,89.25152250427936,17.825377263071527,0.7579054553505737
846,24.69384893815207,330.70703426994976,5.046317031664417,0.6478348731373362
847,28.186316926500208,292.56494625312604,8.964937368122945,1.2131915991441877
848,21.86070830897827,446.5863195583909,15.029273143469798,1.3916674915365497
849,25.51671668858785,635.0660335205707,9.297004971800241,4.6742747940007705
850,24.853166091847,159.36769665561613,16.817405472925167,3.385695824652626
851,20.795031988083863,268.6576111287797,5.5641363593551185,3.2809413531205687
852,29.026228568241024,635.2585885927258,18.502918471101776,1.936039927384563
853,28.500610142168668,855.9860711495996,12.12811803503057,3.5166803760071828
854,29.54089244362703,469.91176425272516,9.690012295443342,1.9472678650537985
855,25.755058460672313,843.2227493821877,18.837624476760517,0.8176807867165165
856,22.122824633970655,827.0374072363439,14.271382998704032,0.7137404599987951
857,28.13125702108878,224.2871957629402,18.97398567761283,4.897880737400951
858,27.560265157687525,751.1855362143477,6.152570208894599,2.1053416950177253
859,26.92091438065408,515.5807894001653,15.580888599725423,1.1793570471904113
860,24.000829849528067,179.82571608025864,19.820845252523362,0.23432794366058107
861,24.561436977158337,556.2349211299787,12.730621483814673,3.637764142285351
862,25.823172132943377,578.9070666442228,15.825114606358015,0.47103588518397244
863,22.073868930117797,372.2732635367545,8.587153848555701,0.3165149649008947
864,29.744032047139612,270.79069345330566,18.614487745255044,1.5668928072307353
865,29.01543935215766,580.1195862361859,17.82015416470101,1.4653069824141447
866,29.66835948225725,264.09218049452653,7.295373946823683,1.9168949992505802
867,25.127353162576206,333.9027713392506,12.375678023380534,0.43032398513758063
868,20.001032603065692,486.54934675591386,10.410610459515576,0.06370723160992631
869,24.519286926661795,691.8088221111132,14.682346746454664,1.0762571342840699
870,23.111731859171563,806.0388272488383,10.659385194459567,1.626664981328891
871,26.914000012486845,392.8543440006417,10.881396575972179,0.059404848648100805
872,28.155877835785418,356.44073718173894,8.649649625982354,4.9252649677482365
873,23.491190571754064,987.5654084336846,5.659564373467486,2.712318918661905
874,20.329801908880707,552.5438464397337,8.072616975489602,2.1376598841103522
875,22.105016923535644,338.7237802053906,13.897316015153208,1.7301310267104486
876,27.85014211140824,476.15283766765646,8.974196085213036,1.1271388812693113
877,26.109494895052432,714.5118847798798,19.31569497435946,2.8232583231451485
878,22.530585046746896,909.9325071432027,10.274572893197426,1.653783986887496
879,29.699850234178896,492.74675624842837,7.111805814519029,2.346939180229038
880,25.947229087153854,512.9869799101683,18.60602735363496,4.774996002975053
881,20.88990237815272,392.22972544170045,9.43848192147684,0.20953023829273332
882,21.599051261848395,967.1739590866746,13.929230537066205,1.8633444128162506
883,28.23653551310469,993.8463709008633,8.129598791290514,1.6332323218593543
884,26.535671166297554,490.65692969523025,14.380507828378374,0.29012540009563437
885,24.590322739325323,527.6258718267215,8.086856078888314,1.3329661391059555
886,20.999764285675077,71.00367295933951,13.45908191880334,1.926176714581616
887,21.49487468331146,346.19616441635804,12.702861991358137,4.054536102718151
888,24.9723450538943,53.5241163516752,15.240184960642567,4.100312000547938
889,21.38252641900487,597.6551606765389,15.381771180514718,0.04943751179440514
890,23.214452824269607,106.7226570590405,9.88674253702001,0.7959648389898594
891,28.35712790279307,31.00662243082597,18.606039902407346,4.328414962353506
892,25.60125348467992,902.6760211138326,6.273344801860387,2.5222311157806763
893,24.923769853393416,410.2855190389767,6.1718087420476415,1.3921078677644727
894,26.85685659706285,618.5452192303344,8.882032590627116,0.23919450858193136
895,20.04205133933766,703.5898970509863,10.330250282999526,1.8145155463802098
896,21.1476194921014,17.952383014498196,14.205916213019146,3.352020975523499
897,29.053358542964517,745.969945406537,11.576733078144736,1.49033505503264
898,26.989091368894176,570.1962467585416,5.833507821359421,1.742611594433453
899,24.49387735458918,216.65823984992915,12.378912704938562,0.9133519874316359
900,29.964459786330522,869.2973549012161,16.10385067248651,2.784778034008464
901,26.265750622084454,229.03588125326613,14.831211846573996,0.6740581543215712
902,24.523563058646154,71.18452403495145,7.385155799315926,1.8413997931573252
903,23.295059533570296,4.424106269990347,15.732898548575422,0.24019077892600993
904,22.762299851299773,126.40848992526787,15.074334914854159,2.657844254580477
905,26.846572781855045,209.5372119096165,5.5648435551531374,2.9369924837624097
906,24.96329302836713,348.37622225715614,16.60537004293415,4.704369696053661
907,25.72068869660357,54.536685043324425,17.826310175605563,0.9439310778505355
908,24.752371483573548,532.8855562231962,9.958391836811199,4.245590700902869
909,26.815663575065187,157.35704023143538,11.282754754764593,2.7846738559149036
910,23.872741775349212,82.90326247043322,11.976304039467744,3.9004065598611035
911,29.70082320637476,378.6975394122547,6.162003330575472,0.7794965824206168
912,29.384868486348566,817.6822283028918,8.152920592741586,3.5582369145118555
913,29.262631413711137,665.7046869751749,8.640731496662914,4.011730174288483
914,22.299708842104813,506.0324226652525,16.988840040960927,1.1706994921480485
915,20.79858728339026,108.96608883676329,8.97779558727326,3.284491993402577
916,24.73761665871416,683.7812234997982,14.258312014719566,0.8363742331886054
917,28.23920839812712,380.4697769491074,6.248670955949951,4.3797010004523855
918,26.563967638665456,75.17174742149413,9.140131415693435,1.1203012153407448
919,27.580680476769878,155.04298527508465,11.799770262526478,2.5140687263052754
920,26.064760271301218,5.813766129059261,9.38781030924913,2.20859735657792
921,26.33276841443813,376.7541479715654,13.982498798673754,4.072239934648076
922,26.6378758082072,215.378265230603,14.153109401649944,4.566585253881048
923,27.364450967405624,830.5736207276663,7.01978870703547,1.9533751292156498
924,22.46552407326654,105.16241777794055,18.489147267139217,2.0956315861765984
925,25.68744486907338,359.1467071230586,5.0248135515287435,2.3966325876145977
926,28.88859330030286,726.5810068248355,10.736536570412667,0.41938064274517795
927,24.531579437062774,0.6213022536469825,15.932311299562905,1.5776424344777356
928,29.376807637161654,564.846224575981,9.36566672688354,3.354010493591697
929,26.129448808056402,139.92480281389618,6.442421555041573,4.636533999629768
930,28.48764220893579,658.6620605582601,12.093148093605055,0.4409381606880136
931,26.51477214699652,57.02868319455079,17.453597536898258,0.8230325487494744
932,29.793301817824897,689.1218670407462,15.035090221952897,4.5016685385200805
933,21.410861078650367,88.70990149559388,7.235208106640542,4.119325398176279
934,20.564556757332795,422.5204779923589,14.43915879339016,0.5288431388791676
935,23.07858496720933,674.2471934990361,6.5147986706442245,3.6997489947091906
936,21.056755186773508,849.1469127944512,13.246823293183024,4.035122139327716
937,28.641180215202304,571.0008995430666,7.085391221922283,3.247522181259635
938,23.4593421752147,956.765387902156,19.976009761883326,4.081051153603328
939,21.647940174942477,216.43468941464516,16.55853000870412,2.649425259957983
940,28.119781963618184,940.117700914472,11.626909144284198,0.969575830232331
941,23.811782133736354,661.3080142003435,19.70497744553265,1.7629533040046934
942,27.64958826222575,351.7686095563121,8.406811709762287,1.0981862243345426
943,20.90103414745847,775.1563803925834,14.906277748788067,2.142066564346148
944,27.278169982407512,370.55596843159145,7.379208138035214,1.4353788831288383
945,20.071924417269106,616.6705398111732,14.461095079981954,2.67659694144697
946,29.881548448575444,49.48899861266587,9.685698798312629,1.597454419457582
947,25.633247233162145,437.3294500918768,14.359463500418826,2.4394506369264684
948,25.255558228444702,328.17704619950695,17.834410855620504,0.45363724878946965
949,21.62024355409255,638.2189987431444,5.6331983031648125,2.866871880715294
950,28.389230821962954,914.0226137978397,9.464135425882816,4.569312688007684
951,21.50643932208614,36.956368448452295,16.334405653649576,3.82948999546233
952,25.073353590650726,123.97412239338779,16.051205797377847,0.26571268526201286
953,24.18070504799864,145.8203704201524,10.42098346601146,4.053524409978861
954,21.863864979462843,738.3273945299453,9.31776650422893,1.0575498421507057
955,23.003522191928063,737.3035510570309,17.18633180042011,3.511649694407687
956,20.379501035755467,527.8621358659275,10.70190770421852,4.710023030943641
957,26.291031313176724,373.60384654059686,10.752058597784552,4.247302679413583
958,22.652343400237932,942.794852549139,12.328657107525654,1.1038908978809014
959,26.404330598986,578.385552710835,8.166063100095169,1.5788061618034548
960,24.859195732636273,910.3827319424634,9.160375525254825,2.554470938487828
961,22.838889667994845,197.28057659265963,15.605543927711446,1.611409381345828
962,25.003078905602912,909.13981097912,19.501982509048318,3.6787056440772554
963,21.10226900600003,321.96215367572523,14.598411419830983,3.9636152665176243
964,28.270238622055338,96.87010734700141,11.247442868193845,3.892811335820556
965,29.867836315800403,678.6096030535087,5.069028963220023,2.956210627461819
966,23.994244753789523,639.1510460875569,9.59813320331515,2.8674227251664512
967,22.54318903464384,383.79633922689084,15.302143840615882,3.7128593206090574
968,28.3265068503907,579.7620959855113,15.95680890378385,2.212765916267952
969,22.56400644789003,422.08341081902137,11.216276838328165,4.010013889687308
970,24.908121965459262,181.20025987691656,5.956988164239305,3.3505474795098458
971,25.900424401054067,53.82193158906934,19.695978688330413,1.5538521106930347
972,23.81876379090219,103.18007105582316,6.5106321011034245,0.9537420167463173
973,27.99391883726367,920.0261521921811,17.92536787038786,4.948480159875955
974,27.51862728638131,642.6679055675279,10.02502063859372,0.6418799136356018
975,28.29558988139941,57.38076167239292,14.095320767843887,3.054166154969744
976,28.81277852036316,62.50907800124972,17.169926882348967,0.3368654158813056
977,21.323814595242283,6.235478160694696,13.037545683370762,1.0979585658378777
978,21.706450337221145,898.2821955992631,9.504329201894414,4.653547464711906
979,29.545161905411845,284.3587002287984,13.597705414343439,1.4653354361527455
980,28.084539293313835,591.0096503785786,12.996606375465094,1.7887960453160123
981,29.453300043442947,805.6645483295545,5.405954380139926,4.68165435707392
982,29.26296064878951,270.9663119846287,8.115132107533913,0.44031412014400084
983,22.759392331049305,141.24176683049905,16.595715425734085,4.399076409011071
984,22.011654879260064,969.177954236113,11.295609843561124,3.3467093203401466
985,24.404825978845967,879.7388459951443,8.673639559435541,2.707896452801762
986,20.92066980470966,513.7238864431637,10.776077834313877,1.9348978418412215
987,23.620519125708768,530.487041037132,6.361953585532296,3.9583935333352365
988,25.628721378143226,926.4763564665308,18.569528176103546,1.7346323051022323
989,25.7213133209475,82.44918061953466,15.774847635387443,1.3324064366627497
990,24.271330311603798,939.0238278578515,14.071506098380722,4.2352396435835
991,29.277514277697712,277.1574736217981,9.726771946841172,1.9012073228919257
992,22.859584712275318,536.0895018399518,11.32282300209572,4.803534961578398
993,27.819614542877147,27.790130030525884,13.44252535932573,2.8716214273579475
994,21.457862403311186,168.10593234820283,5.624362747314965,0.8957899531873276
995,29.947165114355514,245.20840366704732,5.046376274013079,2.6894287301467394
996,26.955256713953474,109.44624853773333,16.864417638231586,0.32466457787452274
997,28.795224293350508,416.59668754715926,15.368275714941399,4.3797097342786415
998,23.032057623152838,974.9924710818848,12.358299067438587,1.4036358600662484
999,24.02088706480237,164.3105681316096,17.923415372881898,0.506307755777049
